"filename", "language", "JavaScript", "CSS", "PHP", "Markdown", "XML", "JSON", "comment", "blank", "total"
"c:\xampp\htdocs\licor-house\README.md", "Markdown", 0, 0, 0, 45, 0, 0, 0, 22, 67
"c:\xampp\htdocs\licor-house\app\Actions\Fortify\CreateNewUser.php", "PHP", 0, 0, 25, 0, 0, 0, 5, 6, 36
"c:\xampp\htdocs\licor-house\app\Actions\Fortify\PasswordValidationRules.php", "PHP", 0, 0, 10, 0, 0, 0, 5, 4, 19
"c:\xampp\htdocs\licor-house\app\Actions\Fortify\ResetUserPassword.php", "PHP", 0, 0, 19, 0, 0, 0, 5, 6, 30
"c:\xampp\htdocs\licor-house\app\Actions\Fortify\UpdateUserPassword.php", "PHP", 0, 0, 22, 0, 0, 0, 5, 6, 33
"c:\xampp\htdocs\licor-house\app\Actions\Fortify\UpdateUserProfileInformation.php", "PHP", 0, 0, 39, 0, 0, 0, 10, 8, 57
"c:\xampp\htdocs\licor-house\app\Actions\Jetstream\DeleteUser.php", "PHP", 0, 0, 13, 0, 0, 0, 3, 4, 20
"c:\xampp\htdocs\licor-house\app\Console\Kernel.php", "PHP", 0, 0, 15, 0, 0, 0, 7, 6, 28
"c:\xampp\htdocs\licor-house\app\Exceptions\Handler.php", "PHP", 0, 0, 17, 0, 0, 0, 9, 5, 31
"c:\xampp\htdocs\licor-house\app\Http\Controllers\CategoriaController.php", "PHP", 0, 0, 50, 0, 0, 0, 1, 15, 66
"c:\xampp\htdocs\licor-house\app\Http\Controllers\Controller.php", "PHP", 0, 0, 9, 0, 0, 0, 0, 4, 13
"c:\xampp\htdocs\licor-house\app\Http\Controllers\DetalleController.php", "PHP", 0, 0, 61, 0, 0, 0, 0, 15, 76
"c:\xampp\htdocs\licor-house\app\Http\Controllers\InventarioController.php", "PHP", 0, 0, 62, 0, 0, 0, 2, 11, 75
"c:\xampp\htdocs\licor-house\app\Http\Controllers\NotaVentaController.php", "PHP", 0, 0, 92, 0, 0, 0, 2, 17, 111
"c:\xampp\htdocs\licor-house\app\Http\Controllers\ProductoController.php", "PHP", 0, 0, 71, 0, 0, 0, 1, 14, 86
"c:\xampp\htdocs\licor-house\app\Http\Controllers\UsuarioController.php", "PHP", 0, 0, 49, 0, 0, 0, 1, 10, 60
"c:\xampp\htdocs\licor-house\app\Http\Kernel.php", "PHP", 0, 0, 41, 0, 0, 0, 21, 7, 69
"c:\xampp\htdocs\licor-house\app\Http\Middleware\Authenticate.php", "PHP", 0, 0, 11, 0, 0, 0, 3, 4, 18
"c:\xampp\htdocs\licor-house\app\Http\Middleware\EncryptCookies.php", "PHP", 0, 0, 8, 0, 0, 0, 6, 4, 18
"c:\xampp\htdocs\licor-house\app\Http\Middleware\PreventRequestsDuringMaintenance.php", "PHP", 0, 0, 8, 0, 0, 0, 6, 4, 18
"c:\xampp\htdocs\licor-house\app\Http\Middleware\RedirectIfAuthenticated.php", "PHP", 0, 0, 20, 0, 0, 0, 5, 6, 31
"c:\xampp\htdocs\licor-house\app\Http\Middleware\TrimStrings.php", "PHP", 0, 0, 11, 0, 0, 0, 5, 4, 20
"c:\xampp\htdocs\licor-house\app\Http\Middleware\TrustHosts.php", "PHP", 0, 0, 12, 0, 0, 0, 5, 4, 21
"c:\xampp\htdocs\licor-house\app\Http\Middleware\TrustProxies.php", "PHP", 0, 0, 14, 0, 0, 0, 10, 5, 29
"c:\xampp\htdocs\licor-house\app\Http\Middleware\ValidateSignature.php", "PHP", 0, 0, 8, 0, 0, 0, 11, 4, 23
"c:\xampp\htdocs\licor-house\app\Http\Middleware\VerifyCsrfToken.php", "PHP", 0, 0, 8, 0, 0, 0, 6, 4, 18
"c:\xampp\htdocs\licor-house\app\Models\Categoria.php", "PHP", 0, 0, 13, 0, 0, 0, 0, 4, 17
"c:\xampp\htdocs\licor-house\app\Models\Detalleventa.php", "PHP", 0, 0, 15, 0, 0, 0, 1, 6, 22
"c:\xampp\htdocs\licor-house\app\Models\Inventario.php", "PHP", 0, 0, 24, 0, 0, 0, 0, 8, 32
"c:\xampp\htdocs\licor-house\app\Models\Notaventa.php", "PHP", 0, 0, 19, 0, 0, 0, 1, 7, 27
"c:\xampp\htdocs\licor-house\app\Models\Producto.php", "PHP", 0, 0, 20, 0, 0, 0, 1, 5, 26
"c:\xampp\htdocs\licor-house\app\Models\User.php", "PHP", 0, 0, 41, 0, 0, 0, 21, 10, 72
"c:\xampp\htdocs\licor-house\app\Models\Usuario.php", "PHP", 0, 0, 16, 0, 0, 0, 1, 5, 22
"c:\xampp\htdocs\licor-house\app\Providers\AppServiceProvider.php", "PHP", 0, 0, 15, 0, 0, 0, 8, 4, 27
"c:\xampp\htdocs\licor-house\app\Providers\AuthServiceProvider.php", "PHP", 0, 0, 11, 0, 0, 0, 11, 5, 27
"c:\xampp\htdocs\licor-house\app\Providers\BroadcastServiceProvider.php", "PHP", 0, 0, 12, 0, 0, 0, 3, 5, 20
"c:\xampp\htdocs\licor-house\app\Providers\EventServiceProvider.php", "PHP", 0, 0, 21, 0, 0, 0, 12, 6, 39
"c:\xampp\htdocs\licor-house\app\Providers\FortifyServiceProvider.php", "PHP", 0, 0, 32, 0, 0, 0, 7, 8, 47
"c:\xampp\htdocs\licor-house\app\Providers\JetstreamServiceProvider.php", "PHP", 0, 0, 26, 0, 0, 0, 10, 8, 44
"c:\xampp\htdocs\licor-house\app\Providers\RouteServiceProvider.php", "PHP", 0, 0, 24, 0, 0, 0, 10, 8, 42
"c:\xampp\htdocs\licor-house\app\View\Components\AppLayout.php", "PHP", 0, 0, 11, 0, 0, 0, 3, 4, 18
"c:\xampp\htdocs\licor-house\app\View\Components\GuestLayout.php", "PHP", 0, 0, 11, 0, 0, 0, 3, 4, 18
"c:\xampp\htdocs\licor-house\bootstrap\app.php", "PHP", 0, 0, 17, 0, 0, 0, 30, 9, 56
"c:\xampp\htdocs\licor-house\composer.json", "JSON", 0, 0, 0, 0, 0, 71, 0, 1, 72
"c:\xampp\htdocs\licor-house\composer.lock", "JSON", 0, 0, 0, 0, 0, 9074, 0, 1, 9075
"c:\xampp\htdocs\licor-house\config\adminlte.php", "PHP", 0, 0, 269, 0, 0, 0, 215, 41, 525
"c:\xampp\htdocs\licor-house\config\app.php", "PHP", 0, 0, 29, 0, 0, 0, 131, 31, 191
"c:\xampp\htdocs\licor-house\config\auth.php", "PHP", 0, 0, 28, 0, 0, 0, 74, 14, 116
"c:\xampp\htdocs\licor-house\config\broadcasting.php", "PHP", 0, 0, 36, 0, 0, 0, 23, 13, 72
"c:\xampp\htdocs\licor-house\config\cache.php", "PHP", 0, 0, 59, 0, 0, 0, 34, 19, 112
"c:\xampp\htdocs\licor-house\config\cors.php", "PHP", 0, 0, 3, 0, 0, 0, 29, 3, 35
"c:\xampp\htdocs\licor-house\config\database.php", "PHP", 0, 0, 83, 0, 0, 0, 47, 22, 152
"c:\xampp\htdocs\licor-house\config\filesystems.php", "PHP", 0, 0, 33, 0, 0, 0, 32, 13, 78
"c:\xampp\htdocs\licor-house\config\fortify.php", "PHP", 0, 0, 29, 0, 0, 0, 106, 26, 161
"c:\xampp\htdocs\licor-house\config\hashing.php", "PHP", 0, 0, 12, 0, 0, 0, 32, 9, 53
"c:\xampp\htdocs\licor-house\config\jetstream.php", "PHP", 0, 0, 13, 0, 0, 0, 54, 15, 82
"c:\xampp\htdocs\licor-house\config\logging.php", "PHP", 0, 0, 79, 0, 0, 0, 34, 19, 132
"c:\xampp\htdocs\licor-house\config\mail.php", "PHP", 0, 0, 54, 0, 0, 0, 53, 19, 126
"c:\xampp\htdocs\licor-house\config\queue.php", "PHP", 0, 0, 51, 0, 0, 0, 42, 17, 110
"c:\xampp\htdocs\licor-house\config\sanctum.php", "PHP", 0, 0, 17, 0, 0, 0, 53, 14, 84
"c:\xampp\htdocs\licor-house\config\services.php", "PHP", 0, 0, 17, 0, 0, 0, 11, 7, 35
"c:\xampp\htdocs\licor-house\config\session.php", "PHP", 0, 0, 22, 0, 0, 0, 147, 33, 202
"c:\xampp\htdocs\licor-house\config\view.php", "PHP", 0, 0, 10, 0, 0, 0, 20, 7, 37
"c:\xampp\htdocs\licor-house\database\factories\UserFactory.php", "PHP", 0, 0, 48, 0, 0, 0, 14, 7, 69
"c:\xampp\htdocs\licor-house\database\migrations\2014_10_12_000000_create_users_table.php", "PHP", 0, 0, 25, 0, 0, 0, 6, 4, 35
"c:\xampp\htdocs\licor-house\database\migrations\2014_10_12_100000_create_password_reset_tokens_table.php", "PHP", 0, 0, 19, 0, 0, 0, 6, 4, 29
"c:\xampp\htdocs\licor-house\database\migrations\2014_10_12_200000_add_two_factor_columns_to_users_table.php", "PHP", 0, 0, 35, 0, 0, 0, 6, 6, 47
"c:\xampp\htdocs\licor-house\database\migrations\2019_08_19_000000_create_failed_jobs_table.php", "PHP", 0, 0, 23, 0, 0, 0, 6, 4, 33
"c:\xampp\htdocs\licor-house\database\migrations\2019_12_14_000001_create_personal_access_tokens_table.php", "PHP", 0, 0, 24, 0, 0, 0, 6, 4, 34
"c:\xampp\htdocs\licor-house\database\migrations\2020_06_14_000001_create_media_table.php", "PHP", 0, 0, 23, 0, 0, 0, 5, 4, 32
"c:\xampp\htdocs\licor-house\database\migrations\2023_10_12_194350_create_sessions_table.php", "PHP", 0, 0, 22, 0, 0, 0, 6, 4, 32
"c:\xampp\htdocs\licor-house\database\seeders\DatabaseSeeder.php", "PHP", 0, 0, 9, 0, 0, 0, 9, 5, 23
"c:\xampp\htdocs\licor-house\lang\vendor\adminlte\ar\adminlte.php", "PHP", 0, 0, 20, 0, 0, 0, 0, 2, 22
"c:\xampp\htdocs\licor-house\lang\vendor\adminlte\bn\adminlte.php", "PHP", 0, 0, 27, 0, 0, 0, 0, 3, 30
"c:\xampp\htdocs\licor-house\lang\vendor\adminlte\bn\iframe.php", "PHP", 0, 0, 10, 0, 0, 0, 10, 5, 25
"c:\xampp\htdocs\licor-house\lang\vendor\adminlte\bn\menu.php", "PHP", 0, 0, 17, 0, 0, 0, 0, 3, 20
"c:\xampp\htdocs\licor-house\lang\vendor\adminlte\ca\adminlte.php", "PHP", 0, 0, 20, 0, 0, 0, 0, 2, 22
"c:\xampp\htdocs\licor-house\lang\vendor\adminlte\de\adminlte.php", "PHP", 0, 0, 25, 0, 0, 0, 0, 3, 28
"c:\xampp\htdocs\licor-house\lang\vendor\adminlte\de\iframe.php", "PHP", 0, 0, 10, 0, 0, 0, 10, 5, 25
"c:\xampp\htdocs\licor-house\lang\vendor\adminlte\de\menu.php", "PHP", 0, 0, 17, 0, 0, 0, 0, 3, 20
"c:\xampp\htdocs\licor-house\lang\vendor\adminlte\en\adminlte.php", "PHP", 0, 0, 27, 0, 0, 0, 0, 3, 30
"c:\xampp\htdocs\licor-house\lang\vendor\adminlte\en\iframe.php", "PHP", 0, 0, 10, 0, 0, 0, 10, 5, 25
"c:\xampp\htdocs\licor-house\lang\vendor\adminlte\en\menu.php", "PHP", 0, 0, 17, 0, 0, 0, 0, 3, 20
"c:\xampp\htdocs\licor-house\lang\vendor\adminlte\es\adminlte.php", "PHP", 0, 0, 27, 0, 0, 0, 0, 3, 30
"c:\xampp\htdocs\licor-house\lang\vendor\adminlte\es\iframe.php", "PHP", 0, 0, 10, 0, 0, 0, 10, 5, 25
"c:\xampp\htdocs\licor-house\lang\vendor\adminlte\es\menu.php", "PHP", 0, 0, 17, 0, 0, 0, 0, 3, 20
"c:\xampp\htdocs\licor-house\lang\vendor\adminlte\fa\adminlte.php", "PHP", 0, 0, 27, 0, 0, 0, 0, 3, 30
"c:\xampp\htdocs\licor-house\lang\vendor\adminlte\fa\iframe.php", "PHP", 0, 0, 10, 0, 0, 0, 10, 4, 24
"c:\xampp\htdocs\licor-house\lang\vendor\adminlte\fa\menu.php", "PHP", 0, 0, 17, 0, 0, 0, 0, 3, 20
"c:\xampp\htdocs\licor-house\lang\vendor\adminlte\fr\adminlte.php", "PHP", 0, 0, 27, 0, 0, 0, 0, 3, 30
"c:\xampp\htdocs\licor-house\lang\vendor\adminlte\fr\iframe.php", "PHP", 0, 0, 10, 0, 0, 0, 10, 5, 25
"c:\xampp\htdocs\licor-house\lang\vendor\adminlte\fr\menu.php", "PHP", 0, 0, 17, 0, 0, 0, 0, 3, 20
"c:\xampp\htdocs\licor-house\lang\vendor\adminlte\hr\adminlte.php", "PHP", 0, 0, 20, 0, 0, 0, 0, 3, 23
"c:\xampp\htdocs\licor-house\lang\vendor\adminlte\hu\adminlte.php", "PHP", 0, 0, 20, 0, 0, 0, 0, 2, 22
"c:\xampp\htdocs\licor-house\lang\vendor\adminlte\id\adminlte.php", "PHP", 0, 0, 26, 0, 0, 0, 0, 3, 29
"c:\xampp\htdocs\licor-house\lang\vendor\adminlte\id\menu.php", "PHP", 0, 0, 17, 0, 0, 0, 0, 3, 20
"c:\xampp\htdocs\licor-house\lang\vendor\adminlte\it\adminlte.php", "PHP", 0, 0, 20, 0, 0, 0, 0, 3, 23
"c:\xampp\htdocs\licor-house\lang\vendor\adminlte\it\iframe.php", "PHP", 0, 0, 10, 0, 0, 0, 10, 4, 24
"c:\xampp\htdocs\licor-house\lang\vendor\adminlte\it\menu.php", "PHP", 0, 0, 17, 0, 0, 0, 0, 3, 20
"c:\xampp\htdocs\licor-house\lang\vendor\adminlte\ja\adminlte.php", "PHP", 0, 0, 25, 0, 0, 0, 0, 3, 28
"c:\xampp\htdocs\licor-house\lang\vendor\adminlte\ja\menu.php", "PHP", 0, 0, 17, 0, 0, 0, 0, 3, 20
"c:\xampp\htdocs\licor-house\lang\vendor\adminlte\la\adminlte.php", "PHP", 0, 0, 20, 0, 0, 0, 0, 3, 23
"c:\xampp\htdocs\licor-house\lang\vendor\adminlte\la\menu.php", "PHP", 0, 0, 17, 0, 0, 0, 0, 3, 20
"c:\xampp\htdocs\licor-house\lang\vendor\adminlte\nl\adminlte.php", "PHP", 0, 0, 20, 0, 0, 0, 0, 3, 23
"c:\xampp\htdocs\licor-house\lang\vendor\adminlte\pl\adminlte.php", "PHP", 0, 0, 26, 0, 0, 0, 0, 3, 29
"c:\xampp\htdocs\licor-house\lang\vendor\adminlte\pl\menu.php", "PHP", 0, 0, 17, 0, 0, 0, 0, 3, 20
"c:\xampp\htdocs\licor-house\lang\vendor\adminlte\pt-br\adminlte.php", "PHP", 0, 0, 26, 0, 0, 0, 0, 3, 29
"c:\xampp\htdocs\licor-house\lang\vendor\adminlte\pt-br\menu.php", "PHP", 0, 0, 17, 0, 0, 0, 0, 3, 20
"c:\xampp\htdocs\licor-house\lang\vendor\adminlte\ru\adminlte.php", "PHP", 0, 0, 20, 0, 0, 0, 0, 4, 24
"c:\xampp\htdocs\licor-house\lang\vendor\adminlte\ru\menu.php", "PHP", 0, 0, 17, 0, 0, 0, 0, 3, 20
"c:\xampp\htdocs\licor-house\lang\vendor\adminlte\sk\adminlte.php", "PHP", 0, 0, 27, 0, 0, 0, 0, 3, 30
"c:\xampp\htdocs\licor-house\lang\vendor\adminlte\sk\iframe.php", "PHP", 0, 0, 10, 0, 0, 0, 10, 5, 25
"c:\xampp\htdocs\licor-house\lang\vendor\adminlte\sk\menu.php", "PHP", 0, 0, 17, 0, 0, 0, 0, 3, 20
"c:\xampp\htdocs\licor-house\lang\vendor\adminlte\sr\adminlte.php", "PHP", 0, 0, 26, 0, 0, 0, 0, 3, 29
"c:\xampp\htdocs\licor-house\lang\vendor\adminlte\sr\menu.php", "PHP", 0, 0, 19, 0, 0, 0, 0, 3, 22
"c:\xampp\htdocs\licor-house\lang\vendor\adminlte\tr\adminlte.php", "PHP", 0, 0, 26, 0, 0, 0, 0, 4, 30
"c:\xampp\htdocs\licor-house\lang\vendor\adminlte\tr\menu.php", "PHP", 0, 0, 17, 0, 0, 0, 0, 3, 20
"c:\xampp\htdocs\licor-house\lang\vendor\adminlte\uk\adminlte.php", "PHP", 0, 0, 20, 0, 0, 0, 0, 4, 24
"c:\xampp\htdocs\licor-house\lang\vendor\adminlte\uk\menu.php", "PHP", 0, 0, 17, 0, 0, 0, 0, 3, 20
"c:\xampp\htdocs\licor-house\lang\vendor\adminlte\vi\adminlte.php", "PHP", 0, 0, 20, 0, 0, 0, 0, 3, 23
"c:\xampp\htdocs\licor-house\lang\vendor\adminlte\vi\menu.php", "PHP", 0, 0, 17, 0, 0, 0, 0, 3, 20
"c:\xampp\htdocs\licor-house\lang\vendor\adminlte\zh-CN\adminlte.php", "PHP", 0, 0, 20, 0, 0, 0, 0, 3, 23
"c:\xampp\htdocs\licor-house\lang\vendor\adminlte\zh-CN\menu.php", "PHP", 0, 0, 17, 0, 0, 0, 0, 3, 20
"c:\xampp\htdocs\licor-house\package-lock.json", "JSON", 0, 0, 0, 0, 0, 1809, 0, 1, 1810
"c:\xampp\htdocs\licor-house\package.json", "JSON", 0, 0, 0, 0, 0, 18, 0, 1, 19
"c:\xampp\htdocs\licor-house\phpunit.xml", "XML", 0, 0, 0, 0, 29, 0, 2, 1, 32
"c:\xampp\htdocs\licor-house\postcss.config.js", "JavaScript", 6, 0, 0, 0, 0, 0, 0, 1, 7
"c:\xampp\htdocs\licor-house\public\css\compras.css", "CSS", 0, 37, 0, 0, 0, 0, 1, 9, 47
"c:\xampp\htdocs\licor-house\public\css\navbar.css", "CSS", 0, 70, 0, 0, 0, 0, 9, 16, 95
"c:\xampp\htdocs\licor-house\public\css\principal.css", "CSS", 0, 23, 0, 0, 0, 0, 0, 6, 29
"c:\xampp\htdocs\licor-house\public\css\producto.css", "CSS", 0, 133, 0, 0, 0, 0, 2, 29, 164
"c:\xampp\htdocs\licor-house\public\index.php", "PHP", 0, 0, 14, 0, 0, 0, 30, 12, 56
"c:\xampp\htdocs\licor-house\public\js\producto.js", "JavaScript", 77, 0, 0, 0, 0, 0, 9, 24, 110
"c:\xampp\htdocs\licor-house\public\vendor\adminlte\dist\css\adminlte.css", "CSS", 0, 43649, 0, 0, 0, 0, 21, 9342, 53012
"c:\xampp\htdocs\licor-house\public\vendor\adminlte\dist\css\adminlte.min.css", "CSS", 0, 2, 0, 0, 0, 0, 10, 0, 12
"c:\xampp\htdocs\licor-house\public\vendor\adminlte\dist\js\.eslintrc.json", "JSON", 0, 0, 0, 0, 0, 57, 0, 1, 58
"c:\xampp\htdocs\licor-house\public\vendor\adminlte\dist\js\adminlte.js", "JavaScript", 2191, 0, 0, 0, 0, 0, 330, 549, 3070
"c:\xampp\htdocs\licor-house\public\vendor\adminlte\dist\js\adminlte.min.js", "JavaScript", 1, 0, 0, 0, 0, 0, 6, 0, 7
"c:\xampp\htdocs\licor-house\public\vendor\bootstrap\js\bootstrap.bundle.js", "JavaScript", 4510, 0, 0, 0, 0, 0, 1272, 1191, 6973
"c:\xampp\htdocs\licor-house\public\vendor\bootstrap\js\bootstrap.bundle.min.js", "JavaScript", 1, 0, 0, 0, 0, 0, 6, 0, 7
"c:\xampp\htdocs\licor-house\public\vendor\bootstrap\js\bootstrap.js", "JavaScript", 3270, 0, 0, 0, 0, 0, 222, 866, 4358
"c:\xampp\htdocs\licor-house\public\vendor\bootstrap\js\bootstrap.min.js", "JavaScript", 1, 0, 0, 0, 0, 0, 6, 0, 7
"c:\xampp\htdocs\licor-house\public\vendor\fontawesome-free\css\all.css", "CSS", 0, 3110, 0, 0, 0, 0, 6, 1501, 4617
"c:\xampp\htdocs\licor-house\public\vendor\fontawesome-free\css\all.min.css", "CSS", 0, 1, 0, 0, 0, 0, 4, 0, 5
"c:\xampp\htdocs\licor-house\public\vendor\fontawesome-free\css\brands.css", "CSS", 0, 10, 0, 0, 0, 0, 4, 2, 16
"c:\xampp\htdocs\licor-house\public\vendor\fontawesome-free\css\brands.min.css", "CSS", 0, 1, 0, 0, 0, 0, 4, 0, 5
"c:\xampp\htdocs\licor-house\public\vendor\fontawesome-free\css\fontawesome.css", "CSS", 0, 3079, 0, 0, 0, 0, 6, 1498, 4583
"c:\xampp\htdocs\licor-house\public\vendor\fontawesome-free\css\fontawesome.min.css", "CSS", 0, 1, 0, 0, 0, 0, 4, 0, 5
"c:\xampp\htdocs\licor-house\public\vendor\fontawesome-free\css\regular.css", "CSS", 0, 10, 0, 0, 0, 0, 4, 2, 16
"c:\xampp\htdocs\licor-house\public\vendor\fontawesome-free\css\regular.min.css", "CSS", 0, 1, 0, 0, 0, 0, 4, 0, 5
"c:\xampp\htdocs\licor-house\public\vendor\fontawesome-free\css\solid.css", "CSS", 0, 11, 0, 0, 0, 0, 4, 2, 17
"c:\xampp\htdocs\licor-house\public\vendor\fontawesome-free\css\solid.min.css", "CSS", 0, 1, 0, 0, 0, 0, 4, 0, 5
"c:\xampp\htdocs\licor-house\public\vendor\fontawesome-free\css\svg-with-js.css", "CSS", 0, 312, 0, 0, 0, 0, 4, 56, 372
"c:\xampp\htdocs\licor-house\public\vendor\fontawesome-free\css\svg-with-js.min.css", "CSS", 0, 1, 0, 0, 0, 0, 4, 0, 5
"c:\xampp\htdocs\licor-house\public\vendor\fontawesome-free\css\v4-shims.css", "CSS", 0, 1556, 0, 0, 0, 0, 4, 613, 2173
"c:\xampp\htdocs\licor-house\public\vendor\fontawesome-free\css\v4-shims.min.css", "CSS", 0, 1, 0, 0, 0, 0, 4, 0, 5
"c:\xampp\htdocs\licor-house\public\vendor\fontawesome-free\webfonts\fa-brands-400.svg", "XML", 0, 0, 0, 0, 3717, 0, 0, 1, 3718
"c:\xampp\htdocs\licor-house\public\vendor\fontawesome-free\webfonts\fa-regular-400.svg", "XML", 0, 0, 0, 0, 801, 0, 0, 1, 802
"c:\xampp\htdocs\licor-house\public\vendor\fontawesome-free\webfonts\fa-solid-900.svg", "XML", 0, 0, 0, 0, 5034, 0, 0, 1, 5035
"c:\xampp\htdocs\licor-house\public\vendor\jquery\jquery.js", "JavaScript", 6895, 0, 0, 0, 0, 0, 1911, 2076, 10882
"c:\xampp\htdocs\licor-house\public\vendor\jquery\jquery.min.js", "JavaScript", 1, 0, 0, 0, 0, 0, 1, 1, 3
"c:\xampp\htdocs\licor-house\public\vendor\overlayScrollbars\css\OverlayScrollbars.css", "CSS", 0, 605, 0, 0, 0, 0, 24, 7, 636
"c:\xampp\htdocs\licor-house\public\vendor\overlayScrollbars\css\OverlayScrollbars.min.css", "CSS", 0, 1, 0, 0, 0, 0, 12, 0, 13
"c:\xampp\htdocs\licor-house\public\vendor\overlayScrollbars\js\OverlayScrollbars.js", "JavaScript", 4858, 0, 0, 0, 0, 0, 1125, 678, 6661
"c:\xampp\htdocs\licor-house\public\vendor\overlayScrollbars\js\OverlayScrollbars.min.js", "JavaScript", 1, 0, 0, 0, 0, 0, 12, 0, 13
"c:\xampp\htdocs\licor-house\public\vendor\overlayScrollbars\js\jquery.overlayScrollbars.js", "JavaScript", 3967, 0, 0, 0, 0, 0, 1067, 544, 5578
"c:\xampp\htdocs\licor-house\public\vendor\overlayScrollbars\js\jquery.overlayScrollbars.min.js", "JavaScript", 1, 0, 0, 0, 0, 0, 12, 0, 13
"c:\xampp\htdocs\licor-house\public\vendor\popper\esm\popper-utils.js", "JavaScript", 616, 0, 0, 0, 0, 0, 360, 138, 1114
"c:\xampp\htdocs\licor-house\public\vendor\popper\esm\popper-utils.min.js", "JavaScript", 1, 0, 0, 0, 0, 0, 4, 1, 6
"c:\xampp\htdocs\licor-house\public\vendor\popper\esm\popper.js", "JavaScript", 1241, 0, 0, 0, 0, 0, 1051, 325, 2617
"c:\xampp\htdocs\licor-house\public\vendor\popper\esm\popper.min.js", "JavaScript", 1, 0, 0, 0, 0, 0, 4, 1, 6
"c:\xampp\htdocs\licor-house\public\vendor\popper\popper-utils.js", "JavaScript", 579, 0, 0, 0, 0, 0, 360, 124, 1063
"c:\xampp\htdocs\licor-house\public\vendor\popper\popper-utils.min.js", "JavaScript", 1, 0, 0, 0, 0, 0, 4, 1, 6
"c:\xampp\htdocs\licor-house\public\vendor\popper\popper.js", "JavaScript", 1125, 0, 0, 0, 0, 0, 1051, 287, 2463
"c:\xampp\htdocs\licor-house\public\vendor\popper\popper.min.js", "JavaScript", 1, 0, 0, 0, 0, 0, 4, 1, 6
"c:\xampp\htdocs\licor-house\public\vendor\popper\umd\popper-utils.js", "JavaScript", 651, 0, 0, 0, 0, 0, 360, 141, 1152
"c:\xampp\htdocs\licor-house\public\vendor\popper\umd\popper-utils.min.js", "JavaScript", 1, 0, 0, 0, 0, 0, 4, 1, 6
"c:\xampp\htdocs\licor-house\public\vendor\popper\umd\popper.js", "JavaScript", 1247, 0, 0, 0, 0, 0, 1051, 327, 2625
"c:\xampp\htdocs\licor-house\public\vendor\popper\umd\popper.min.js", "JavaScript", 1, 0, 0, 0, 0, 0, 4, 1, 6
"c:\xampp\htdocs\licor-house\resources\css\app.css", "CSS", 0, 6, 0, 0, 0, 0, 0, 2, 8
"c:\xampp\htdocs\licor-house\resources\js\app.js", "JavaScript", 1, 0, 0, 0, 0, 0, 0, 1, 2
"c:\xampp\htdocs\licor-house\resources\js\bootstrap.js", "JavaScript", 3, 0, 0, 0, 0, 0, 23, 7, 33
"c:\xampp\htdocs\licor-house\resources\markdown\policy.md", "Markdown", 0, 0, 0, 2, 0, 0, 0, 2, 4
"c:\xampp\htdocs\licor-house\resources\markdown\terms.md", "Markdown", 0, 0, 0, 2, 0, 0, 0, 2, 4
"c:\xampp\htdocs\licor-house\resources\views\api\api-token-manager.blade.php", "PHP", 0, 0, 144, 0, 0, 0, 0, 26, 170
"c:\xampp\htdocs\licor-house\resources\views\api\index.blade.php", "PHP", 0, 0, 12, 0, 0, 0, 0, 2, 14
"c:\xampp\htdocs\licor-house\resources\views\auth\confirm-password.blade.php", "PHP", 0, 0, 23, 0, 0, 0, 0, 6, 29
"c:\xampp\htdocs\licor-house\resources\views\auth\forgot-password.blade.php", "PHP", 0, 0, 28, 0, 0, 0, 0, 7, 35
"c:\xampp\htdocs\licor-house\resources\views\auth\login.blade.php", "PHP", 0, 0, 40, 0, 0, 0, 0, 9, 49
"c:\xampp\htdocs\licor-house\resources\views\auth\register.blade.php", "PHP", 0, 0, 69, 0, 0, 0, 0, 10, 79
"c:\xampp\htdocs\licor-house\resources\views\auth\reset-password.blade.php", "PHP", 0, 0, 29, 0, 0, 0, 0, 8, 37
"c:\xampp\htdocs\licor-house\resources\views\auth\two-factor-challenge.blade.php", "PHP", 0, 0, 49, 0, 0, 0, 0, 10, 59
"c:\xampp\htdocs\licor-house\resources\views\auth\verify-email.blade.php", "PHP", 0, 0, 38, 0, 0, 0, 0, 8, 46
"c:\xampp\htdocs\licor-house\resources\views\categorias\create.blade.php", "PHP", 0, 0, 30, 0, 0, 0, 0, 9, 39
"c:\xampp\htdocs\licor-house\resources\views\categorias\edit.blade.php", "PHP", 0, 0, 29, 0, 0, 0, 0, 8, 37
"c:\xampp\htdocs\licor-house\resources\views\categorias\index.blade.php", "PHP", 0, 0, 43, 0, 0, 0, 0, 6, 49
"c:\xampp\htdocs\licor-house\resources\views\client\compras.blade.php", "PHP", 0, 0, 23, 0, 0, 0, 0, 3, 26
"c:\xampp\htdocs\licor-house\resources\views\client\detalleCompra.blade.php", "PHP", 0, 0, 62, 0, 0, 0, 0, 8, 70
"c:\xampp\htdocs\licor-house\resources\views\client\principal.blade.php", "PHP", 0, 0, 41, 0, 0, 0, 2, 6, 49
"c:\xampp\htdocs\licor-house\resources\views\client\producto.blade.php", "PHP", 0, 0, 46, 0, 0, 0, 0, 7, 53
"c:\xampp\htdocs\licor-house\resources\views\components\action-message.blade.php", "PHP", 0, 0, 9, 0, 0, 0, 0, 2, 11
"c:\xampp\htdocs\licor-house\resources\views\components\action-section.blade.php", "PHP", 0, 0, 11, 0, 0, 0, 0, 2, 13
"c:\xampp\htdocs\licor-house\resources\views\components\application-logo.blade.php", "PHP", 0, 0, 5, 0, 0, 0, 0, 1, 6
"c:\xampp\htdocs\licor-house\resources\views\components\application-mark.blade.php", "PHP", 0, 0, 4, 0, 0, 0, 0, 1, 5
"c:\xampp\htdocs\licor-house\resources\views\components\authentication-card-logo.blade.php", "PHP", 0, 0, 6, 0, 0, 0, 0, 1, 7
"c:\xampp\htdocs\licor-house\resources\views\components\authentication-card.blade.php", "PHP", 0, 0, 8, 0, 0, 0, 0, 2, 10
"c:\xampp\htdocs\licor-house\resources\views\components\banner.blade.php", "PHP", 0, 0, 41, 0, 0, 0, 0, 4, 45
"c:\xampp\htdocs\licor-house\resources\views\components\button.blade.php", "PHP", 0, 0, 3, 0, 0, 0, 0, 1, 4
"c:\xampp\htdocs\licor-house\resources\views\components\checkbox.blade.php", "PHP", 0, 0, 1, 0, 0, 0, 0, 1, 2
"c:\xampp\htdocs\licor-house\resources\views\components\confirmation-modal.blade.php", "PHP", 0, 0, 23, 0, 0, 0, 0, 5, 28
"c:\xampp\htdocs\licor-house\resources\views\components\confirms-password.blade.php", "PHP", 0, 0, 38, 0, 0, 0, 0, 9, 47
"c:\xampp\htdocs\licor-house\resources\views\components\danger-button.blade.php", "PHP", 0, 0, 3, 0, 0, 0, 0, 1, 4
"c:\xampp\htdocs\licor-house\resources\views\components\dialog-modal.blade.php", "PHP", 0, 0, 14, 0, 0, 0, 0, 4, 18
"c:\xampp\htdocs\licor-house\resources\views\components\dropdown-link.blade.php", "PHP", 0, 0, 1, 0, 0, 0, 0, 1, 2
"c:\xampp\htdocs\licor-house\resources\views\components\dropdown.blade.php", "PHP", 0, 0, 43, 0, 0, 0, 0, 5, 48
"c:\xampp\htdocs\licor-house\resources\views\components\form-section.blade.php", "PHP", 0, 0, 21, 0, 0, 0, 0, 4, 25
"c:\xampp\htdocs\licor-house\resources\views\components\input-error.blade.php", "PHP", 0, 0, 4, 0, 0, 0, 0, 2, 6
"c:\xampp\htdocs\licor-house\resources\views\components\input.blade.php", "PHP", 0, 0, 2, 0, 0, 0, 0, 2, 4
"c:\xampp\htdocs\licor-house\resources\views\components\label.blade.php", "PHP", 0, 0, 4, 0, 0, 0, 0, 2, 6
"c:\xampp\htdocs\licor-house\resources\views\components\modal.blade.php", "PHP", 0, 0, 39, 0, 0, 0, 0, 5, 44
"c:\xampp\htdocs\licor-house\resources\views\components\nav-link.blade.php", "PHP", 0, 0, 9, 0, 0, 0, 0, 3, 12
"c:\xampp\htdocs\licor-house\resources\views\components\responsive-nav-link.blade.php", "PHP", 0, 0, 9, 0, 0, 0, 0, 3, 12
"c:\xampp\htdocs\licor-house\resources\views\components\secondary-button.blade.php", "PHP", 0, 0, 3, 0, 0, 0, 0, 1, 4
"c:\xampp\htdocs\licor-house\resources\views\components\section-border.blade.php", "PHP", 0, 0, 5, 0, 0, 0, 0, 1, 6
"c:\xampp\htdocs\licor-house\resources\views\components\section-title.blade.php", "PHP", 0, 0, 11, 0, 0, 0, 0, 3, 14
"c:\xampp\htdocs\licor-house\resources\views\components\switchable-team.blade.php", "PHP", 0, 0, 17, 0, 0, 0, 0, 5, 22
"c:\xampp\htdocs\licor-house\resources\views\components\validation-errors.blade.php", "PHP", 0, 0, 10, 0, 0, 0, 0, 2, 12
"c:\xampp\htdocs\licor-house\resources\views\components\welcome.blade.php", "PHP", 0, 0, 82, 0, 0, 0, 0, 15, 97
"c:\xampp\htdocs\licor-house\resources\views\dash\index.blade.php", "PHP", 0, 0, 14, 0, 0, 0, 0, 5, 19
"c:\xampp\htdocs\licor-house\resources\views\dashboard.blade.php", "PHP", 0, 0, 14, 0, 0, 0, 0, 2, 16
"c:\xampp\htdocs\licor-house\resources\views\emails\team-invitation.blade.php", "PHP", 0, 0, 16, 0, 0, 0, 0, 8, 24
"c:\xampp\htdocs\licor-house\resources\views\inventarios\create.blade.php", "PHP", 0, 0, 46, 0, 0, 0, 0, 10, 56
"c:\xampp\htdocs\licor-house\resources\views\inventarios\edit.blade.php", "PHP", 0, 0, 44, 0, 0, 0, 0, 14, 58
"c:\xampp\htdocs\licor-house\resources\views\inventarios\index.blade.php", "PHP", 0, 0, 49, 0, 0, 0, 0, 6, 55
"c:\xampp\htdocs\licor-house\resources\views\layouts\app.blade.php", "PHP", 0, 0, 36, 0, 0, 0, 0, 10, 46
"c:\xampp\htdocs\licor-house\resources\views\layouts\guest.blade.php", "PHP", 0, 0, 22, 0, 0, 0, 0, 6, 28
"c:\xampp\htdocs\licor-house\resources\views\layouts\navbar.blade.php", "PHP", 0, 0, 51, 0, 0, 0, 0, 8, 59
"c:\xampp\htdocs\licor-house\resources\views\navigation-menu.blade.php", "PHP", 0, 0, 187, 0, 0, 0, 0, 33, 220
"c:\xampp\htdocs\licor-house\resources\views\notaventa\index.blade.php", "PHP", 0, 0, 40, 0, 0, 0, 0, 7, 47
"c:\xampp\htdocs\licor-house\resources\views\notaventa\show.blade.php", "PHP", 0, 0, 38, 0, 0, 0, 0, 7, 45
"c:\xampp\htdocs\licor-house\resources\views\policy.blade.php", "PHP", 0, 0, 12, 0, 0, 0, 0, 2, 14
"c:\xampp\htdocs\licor-house\resources\views\productos\create.blade.php", "PHP", 0, 0, 55, 0, 0, 0, 0, 11, 66
"c:\xampp\htdocs\licor-house\resources\views\productos\edit.blade.php", "PHP", 0, 0, 56, 0, 0, 0, 0, 11, 67
"c:\xampp\htdocs\licor-house\resources\views\productos\index.blade.php", "PHP", 0, 0, 54, 0, 0, 0, 0, 6, 60
"c:\xampp\htdocs\licor-house\resources\views\profile\delete-user-form.blade.php", "PHP", 0, 0, 44, 0, 0, 0, 0, 10, 54
"c:\xampp\htdocs\licor-house\resources\views\profile\logout-other-browser-sessions-form.blade.php", "PHP", 0, 0, 84, 0, 0, 0, 0, 15, 99
"c:\xampp\htdocs\licor-house\resources\views\profile\show.blade.php", "PHP", 0, 0, 36, 0, 0, 0, 0, 10, 46
"c:\xampp\htdocs\licor-house\resources\views\profile\two-factor-authentication-form.blade.php", "PHP", 0, 0, 110, 0, 0, 0, 0, 15, 125
"c:\xampp\htdocs\licor-house\resources\views\profile\update-password-form.blade.php", "PHP", 0, 0, 33, 0, 0, 0, 0, 7, 40
"c:\xampp\htdocs\licor-house\resources\views\profile\update-profile-information-form.blade.php", "PHP", 0, 0, 80, 0, 0, 0, 0, 16, 96
"c:\xampp\htdocs\licor-house\resources\views\terms.blade.php", "PHP", 0, 0, 12, 0, 0, 0, 0, 2, 14
"c:\xampp\htdocs\licor-house\resources\views\usuarios\create.blade.php", "PHP", 0, 0, 12, 0, 0, 0, 0, 6, 18
"c:\xampp\htdocs\licor-house\resources\views\usuarios\edit.blade.php", "PHP", 0, 0, 40, 0, 0, 0, 0, 7, 47
"c:\xampp\htdocs\licor-house\resources\views\usuarios\index.blade.php", "PHP", 0, 0, 45, 0, 0, 0, 0, 7, 52
"c:\xampp\htdocs\licor-house\resources\views\welcome.blade.php", "PHP", 0, 0, 118, 0, 0, 0, 0, 23, 141
"c:\xampp\htdocs\licor-house\routes\api.php", "PHP", 0, 0, 6, 0, 0, 0, 10, 4, 20
"c:\xampp\htdocs\licor-house\routes\channels.php", "PHP", 0, 0, 5, 0, 0, 0, 10, 4, 19
"c:\xampp\htdocs\licor-house\routes\console.php", "PHP", 0, 0, 6, 0, 0, 0, 10, 4, 20
"c:\xampp\htdocs\licor-house\routes\web.php", "PHP", 0, 0, 27, 0, 0, 0, 19, 7, 53
"c:\xampp\htdocs\licor-house\tailwind.config.js", "JavaScript", 19, 0, 0, 0, 0, 0, 1, 4, 24
"c:\xampp\htdocs\licor-house\tests\CreatesApplication.php", "PHP", 0, 0, 13, 0, 0, 0, 3, 6, 22
"c:\xampp\htdocs\licor-house\tests\Feature\ApiTokenPermissionsTest.php", "PHP", 0, 0, 38, 0, 0, 0, 0, 10, 48
"c:\xampp\htdocs\licor-house\tests\Feature\AuthenticationTest.php", "PHP", 0, 0, 34, 0, 0, 0, 0, 12, 46
"c:\xampp\htdocs\licor-house\tests\Feature\BrowserSessionsTest.php", "PHP", 0, 0, 19, 0, 0, 0, 0, 6, 25
"c:\xampp\htdocs\licor-house\tests\Feature\CreateApiTokenTest.php", "PHP", 0, 0, 33, 0, 0, 0, 0, 9, 42
"c:\xampp\htdocs\licor-house\tests\Feature\DeleteAccountTest.php", "PHP", 0, 0, 37, 0, 0, 0, 0, 14, 51
"c:\xampp\htdocs\licor-house\tests\Feature\DeleteApiTokenTest.php", "PHP", 0, 0, 30, 0, 0, 0, 0, 10, 40
"c:\xampp\htdocs\licor-house\tests\Feature\EmailVerificationTest.php", "PHP", 0, 0, 57, 0, 0, 0, 0, 23, 80
"c:\xampp\htdocs\licor-house\tests\Feature\ExampleTest.php", "PHP", 0, 0, 11, 0, 0, 0, 4, 5, 20
"c:\xampp\htdocs\licor-house\tests\Feature\PasswordConfirmationTest.php", "PHP", 0, 0, 32, 0, 0, 0, 0, 13, 45
"c:\xampp\htdocs\licor-house\tests\Feature\PasswordResetTest.php", "PHP", 0, 0, 73, 0, 0, 0, 0, 30, 103
"c:\xampp\htdocs\licor-house\tests\Feature\ProfileInformationTest.php", "PHP", 0, 0, 27, 0, 0, 0, 0, 10, 37
"c:\xampp\htdocs\licor-house\tests\Feature\RegistrationTest.php", "PHP", 0, 0, 45, 0, 0, 0, 0, 16, 61
"c:\xampp\htdocs\licor-house\tests\Feature\TwoFactorAuthenticationSettingsTest.php", "PHP", 0, 0, 56, 0, 0, 0, 0, 27, 83
"c:\xampp\htdocs\licor-house\tests\Feature\UpdatePasswordTest.php", "PHP", 0, 0, 50, 0, 0, 0, 0, 13, 63
"c:\xampp\htdocs\licor-house\tests\TestCase.php", "PHP", 0, 0, 7, 0, 0, 0, 0, 4, 11
"c:\xampp\htdocs\licor-house\tests\Unit\ExampleTest.php", "PHP", 0, 0, 10, 0, 0, 0, 3, 4, 17
"c:\xampp\htdocs\licor-house\vendor\almasaeed2010\adminlte\plugins\flot\plugins\jquery.flot.axislabels.js", "JavaScript", 153, 0, 0, 0, 0, 0, 32, 28, 213
"c:\xampp\htdocs\licor-house\vendor\almasaeed2010\adminlte\plugins\flot\plugins\jquery.flot.browser.js", "JavaScript", 46, 0, 0, 0, 0, 0, 40, 13, 99
"c:\xampp\htdocs\licor-house\vendor\almasaeed2010\adminlte\plugins\flot\plugins\jquery.flot.categories.js", "JavaScript", 121, 0, 0, 0, 0, 0, 51, 31, 203
"c:\xampp\htdocs\licor-house\vendor\almasaeed2010\adminlte\plugins\flot\plugins\jquery.flot.composeImages.js", "JavaScript", 238, 0, 0, 0, 0, 0, 45, 48, 331
"c:\xampp\htdocs\licor-house\vendor\almasaeed2010\adminlte\plugins\flot\plugins\jquery.flot.crosshair.js", "JavaScript", 118, 0, 0, 0, 0, 0, 60, 25, 203
"c:\xampp\htdocs\licor-house\vendor\almasaeed2010\adminlte\plugins\flot\plugins\jquery.flot.drawSeries.js", "JavaScript", 472, 0, 0, 0, 0, 0, 89, 102, 663
"c:\xampp\htdocs\licor-house\vendor\almasaeed2010\adminlte\plugins\flot\plugins\jquery.flot.errorbars.js", "JavaScript", 245, 0, 0, 0, 0, 0, 92, 39, 376
"c:\xampp\htdocs\licor-house\vendor\almasaeed2010\adminlte\plugins\flot\plugins\jquery.flot.fillbetween.js", "JavaScript", 171, 0, 0, 0, 0, 0, 43, 41, 255
"c:\xampp\htdocs\licor-house\vendor\almasaeed2010\adminlte\plugins\flot\plugins\jquery.flot.flatdata.js", "JavaScript", 26, 0, 0, 0, 0, 0, 17, 5, 48
"c:\xampp\htdocs\licor-house\vendor\almasaeed2010\adminlte\plugins\flot\plugins\jquery.flot.hover.js", "JavaScript", 266, 0, 0, 0, 0, 0, 34, 60, 360
"c:\xampp\htdocs\licor-house\vendor\almasaeed2010\adminlte\plugins\flot\plugins\jquery.flot.image.js", "JavaScript", 156, 0, 0, 0, 0, 0, 61, 33, 250
"c:\xampp\htdocs\licor-house\vendor\almasaeed2010\adminlte\plugins\flot\plugins\jquery.flot.legend.js", "JavaScript", 370, 0, 0, 0, 0, 0, 28, 40, 438
"c:\xampp\htdocs\licor-house\vendor\almasaeed2010\adminlte\plugins\flot\plugins\jquery.flot.logaxis.js", "JavaScript", 210, 0, 0, 0, 0, 0, 48, 41, 299
"c:\xampp\htdocs\licor-house\vendor\almasaeed2010\adminlte\plugins\flot\plugins\jquery.flot.navigate.js", "JavaScript", 595, 0, 0, 0, 0, 0, 120, 120, 835
"c:\xampp\htdocs\licor-house\vendor\almasaeed2010\adminlte\plugins\flot\plugins\jquery.flot.pie.js", "JavaScript", 539, 0, 0, 0, 0, 0, 128, 128, 795
"c:\xampp\htdocs\licor-house\vendor\almasaeed2010\adminlte\plugins\flot\plugins\jquery.flot.resize.js", "JavaScript", 27, 0, 0, 0, 0, 0, 24, 10, 61
"c:\xampp\htdocs\licor-house\vendor\almasaeed2010\adminlte\plugins\flot\plugins\jquery.flot.saturated.js", "JavaScript", 35, 0, 0, 0, 0, 0, 3, 6, 44
"c:\xampp\htdocs\licor-house\vendor\almasaeed2010\adminlte\plugins\flot\plugins\jquery.flot.selection.js", "JavaScript", 341, 0, 0, 0, 0, 0, 110, 77, 528
"c:\xampp\htdocs\licor-house\vendor\almasaeed2010\adminlte\plugins\flot\plugins\jquery.flot.stack.js", "JavaScript", 141, 0, 0, 0, 0, 0, 47, 33, 221
"c:\xampp\htdocs\licor-house\vendor\almasaeed2010\adminlte\plugins\flot\plugins\jquery.flot.symbol.js", "JavaScript", 72, 0, 0, 0, 0, 0, 21, 6, 99
"c:\xampp\htdocs\licor-house\vendor\almasaeed2010\adminlte\plugins\flot\plugins\jquery.flot.threshold.js", "JavaScript", 80, 0, 0, 0, 0, 0, 45, 19, 144
"c:\xampp\htdocs\licor-house\vendor\almasaeed2010\adminlte\plugins\flot\plugins\jquery.flot.time.js", "JavaScript", 458, 0, 0, 0, 0, 0, 49, 81, 588
"c:\xampp\htdocs\licor-house\vendor\almasaeed2010\adminlte\plugins\flot\plugins\jquery.flot.touch.js", "JavaScript", 273, 0, 0, 0, 0, 0, 1, 47, 321
"c:\xampp\htdocs\licor-house\vendor\almasaeed2010\adminlte\plugins\flot\plugins\jquery.flot.touchNavigate.js", "JavaScript", 305, 0, 0, 0, 0, 0, 5, 51, 361
"c:\xampp\htdocs\licor-house\vendor\almasaeed2010\adminlte\plugins\flot\plugins\jquery.flot.uiConstants.js", "JavaScript", 10, 0, 0, 0, 0, 0, 0, 1, 11
"c:\xampp\htdocs\licor-house\vendor\spatie\ignition\resources\compiled\ignition.css", "CSS", 0, 1, 0, 0, 0, 0, 2, 0, 3
"c:\xampp\htdocs\licor-house\vendor\spatie\ignition\resources\compiled\ignition.js", "JavaScript", 6, 0, 0, 0, 0, 0, 0, 1, 7
"c:\xampp\htdocs\licor-house\vite.config.js", "JavaScript", 12, 0, 0, 0, 0, 0, 5, 1, 18
"Total", "-", 36754, 52622, 6172, 49, 9581, 11029, 13229, 23039, 152475